order_id,datetime,user_id,restaurant_id,address,status,total
7,2025-01-02T12:56:11.801Z,465,388,90603 Kennedy Skyway,CANCELLED,13.0
474,2024-10-17T20:31:55.366Z,26,218,32494 Hermiston Burg,CANCELLED,17.0
495,2025-05-12T16:32:27.161Z,316,125,396 Kirlin Trace,CANCELLED,13.0
192,2024-08-31T21:35:56.996Z,479,213,1783 Orval Square,DELIVERED,17.0
45,2024-12-14T23:58:39.556Z,210,34,340 Mayer Garden,DELIVERED,14.0
143,2024-10-31T14:48:16.376Z,341,283,5116 Garnet Pass,CANCELLED,27.0
333,2025-04-27T23:11:48.392Z,249,263,8677 Glebe Close,DELIVERED,17.0
450,2024-09-05T17:26:00.169Z,302,143,382 Belle Skyway,DELIVERED,13.0
178,2024-10-09T10:12:48.280Z,307,234,662 Hassan Knoll,CANCELLED,27.0
292,2025-03-19T17:58:05.243Z,447,444,9821 Gerhold Grove,CANCELLED,16.0
96,2024-08-27T17:17:30.845Z,142,350,9187 Franz Harbor,DELIVERED,21.0
273,2024-12-30T15:37:22.928Z,358,406,895 Bogan Flats,CANCELLED,15.0
311,2025-02-10T05:33:00.521Z,495,313,6206 S Main,DELIVERED,15.0
32,2025-01-12T20:48:37.409Z,181,260,2859 E Center Street,DELIVERED,23.0
129,2024-09-03T18:11:47.432Z,352,81,47665 The Beeches,DELIVERED,15.0
264,2024-12-21T09:13:22.858Z,421,45,7068 Zoey Lakes,CANCELLED,11.0
257,2025-01-02T05:45:57.675Z,461,211,67959 Moen Crossing,CANCELLED,16.0
338,2025-02-21T15:01:59.897Z,219,244,7999 Eulalia Lakes,CANCELLED,15.0
187,2025-03-21T18:22:52.589Z,199,47,69958 Goyette Route,CANCELLED,25.0
203,2025-03-25T10:33:48.670Z,197,183,81840 Georgette Flat,DELIVERED,16.0
229,2025-03-16T10:16:10.149Z,52,109,650 Leo Ford,DELIVERED,17.0
276,2025-03-24T11:42:43.070Z,204,457,93196 Upton Village,CANCELLED,27.0
285,2025-02-23T00:05:50.199Z,280,444,91908 Bell Lane,DELIVERED,20.0
396,2025-03-18T08:03:43.008Z,387,469,9795 Milton Street,DELIVERED,20.0
175,2025-01-06T18:52:41.678Z,489,481,839 Pearlie Viaduct,CANCELLED,21.0
394,2025-05-18T18:30:46.306Z,81,373,58395 Hansen Passage,DELIVERED,23.0
64,2025-01-15T13:03:00.892Z,481,194,380 Miller Courts,CANCELLED,25.0
198,2025-04-25T21:52:27.225Z,119,332,281 S Elm Street,CANCELLED,21.0
210,2024-09-17T16:02:01.690Z,40,104,907 Orchard Lane,CANCELLED,21.0
199,2025-06-10T21:09:26.434Z,378,338,482 Sophie Rue,DELIVERED,18.0
479,2025-01-22T23:18:13.122Z,488,437,1754 Nicola Pass,DELIVERED,14.0
146,2024-10-06T20:45:59.498Z,30,220,508 Walsh Trail,CANCELLED,23.0
493,2025-05-21T13:56:18.847Z,305,469,740 Lisette Mountain,CANCELLED,14.0
43,2025-04-20T21:46:45.613Z,317,268,61950 Franklin Street,DELIVERED,23.0
87,2025-02-01T20:18:55.291Z,390,98,952 Hermann Plaza,CANCELLED,21.0
194,2024-12-23T08:29:17.081Z,192,157,152 Tyrel Inlet,CANCELLED,19.0
386,2024-09-26T17:10:37.007Z,329,52,1948 Devonte Point,DELIVERED,18.0
230,2025-03-23T02:26:14.378Z,213,274,4609 Beech Grove,DELIVERED,20.0
458,2024-10-16T17:00:57.262Z,269,307,157 Railroad Avenue,DELIVERED,30.0
176,2025-01-06T11:27:43.604Z,17,228,9163 Satterfield Highway,CANCELLED,14.0
287,2025-02-01T19:24:37.175Z,21,290,71914 Beatty Heights,DELIVERED,15.0
476,2024-12-20T20:48:54.980Z,192,163,6499 Pfeffer Divide,DELIVERED,18.0
423,2024-11-30T13:45:08.926Z,301,133,6847 McKenzie Light,DELIVERED,17.0
102,2024-09-24T18:39:41.701Z,207,434,9408 Thompson Creek,CANCELLED,18.0
274,2025-02-09T13:03:03.355Z,11,267,134 The Avenue,DELIVERED,15.0
405,2024-12-27T19:16:18.259Z,413,194,75052 Owen Bypass,DELIVERED,14.0
122,2025-05-10T20:53:29.153Z,272,255,317 Botsford Streets,CANCELLED,11.0
429,2024-10-17T03:01:44.455Z,286,153,49407 Emery Expressway,DELIVERED,15.0
335,2025-01-24T23:02:45.493Z,108,382,3475 2nd Avenue,CANCELLED,14.0
367,2024-09-11T14:13:03.892Z,150,125,988 The Mount,DELIVERED,15.0
413,2024-10-01T10:27:47.165Z,238,425,924 Douglas Road,DELIVERED,13.0
407,2025-01-18T22:55:48.470Z,78,346,915 Swift Trafficway,CANCELLED,12.0
480,2024-10-28T20:09:24.098Z,90,449,7031 Stephen Freeway,DELIVERED,20.0
272,2024-09-25T23:36:18.845Z,36,40,4752 Satterfield Tunnel,DELIVERED,12.0
318,2025-06-09T01:21:48.199Z,109,283,36017 Woodside Road,CANCELLED,19.0
28,2025-02-12T00:03:36.496Z,36,464,8929 Adele Wells,CANCELLED,24.0
47,2025-01-21T17:10:10.062Z,12,64,7414 Streich Cape,DELIVERED,18.0
80,2024-09-10T17:36:14.806Z,450,141,48306 Franklin Road,DELIVERED,21.0
181,2025-01-14T12:43:38.383Z,138,193,8119 Bins Fall,DELIVERED,18.0
266,2024-11-15T23:28:30.410Z,322,270,2383 W Division Street,CANCELLED,17.0
127,2025-05-29T15:53:44.645Z,266,482,4071 Rippin Rapid,DELIVERED,29.0
271,2025-05-28T14:44:32.032Z,401,114,141 Fadel Circle,CANCELLED,23.0
55,2024-10-27T15:22:28.722Z,355,328,8620 Brenda Motorway,DELIVERED,18.0
74,2024-12-10T16:23:07.474Z,104,456,92445 Ernestine Creek,CANCELLED,16.0
259,2024-10-01T12:14:06.574Z,495,194,38160 Broadway Street,CANCELLED,10.0
132,2025-05-25T18:02:33.852Z,147,62,3372 Meadow Drive,CANCELLED,22.0
243,2025-04-30T19:33:01.627Z,310,490,44480 Kozey Corner,CANCELLED,20.0
391,2025-01-09T20:32:04.352Z,273,213,959 Augustine Freeway,DELIVERED,21.0
491,2025-02-24T13:10:20.863Z,265,142,229 Parker Shoals,DELIVERED,15.0
93,2024-11-29T03:18:03.811Z,158,336,70296 Eloy Avenue,DELIVERED,13.0
217,2024-11-16T21:34:24.362Z,5,369,8544 Nightingale Close,DELIVERED,12.0
336,2025-04-08T16:39:28.471Z,96,83,994 Kamryn Island,DELIVERED,12.0
398,2025-02-16T16:14:00.591Z,105,56,261 Ward Spring,CANCELLED,16.0
24,2025-04-05T19:47:06.557Z,277,367,354 Tess Streets,DELIVERED,23.0
34,2024-10-11T21:11:18.836Z,190,158,160 Richmond Road,DELIVERED,28.0
165,2024-11-13T21:56:26.991Z,89,122,4990 E 14th Street,DELIVERED,23.0
412,2025-02-13T03:39:09.687Z,281,29,73824 Powlowski Branch,DELIVERED,16.0
12,2025-01-06T22:12:36.777Z,73,226,549 Darlene Path,CANCELLED,18.0
137,2025-05-07T09:27:02.336Z,37,85,5714 Patsy Lake,CANCELLED,17.0
303,2025-03-24T03:31:35.112Z,56,384,1438 Zion Shore,CANCELLED,21.0
320,2024-09-20T05:52:05.243Z,107,319,59942 Lance Springs,CANCELLED,23.0
232,2024-10-28T20:40:16.420Z,286,362,84924 Tevin Bypass,CANCELLED,23.0
401,2025-05-24T19:26:32.629Z,478,242,331 Valentine Light,CANCELLED,22.0
119,2024-10-30T15:06:05.300Z,188,103,71565 Brakus Plaza,DELIVERED,20.0
205,2025-06-16T11:51:15.327Z,31,447,89342 Francisca Stream,CANCELLED,13.0
245,2024-11-02T00:51:25.706Z,298,48,693 Columbia Avenue,DELIVERED,22.0
147,2025-02-25T16:12:13.860Z,251,395,57038 Borer Prairie,CANCELLED,20.0
227,2024-09-18T14:21:11.410Z,287,106,19795 Sidney Pass,CANCELLED,24.0
315,2025-03-26T18:48:16.768Z,469,162,41744 Mayert Ports,CANCELLED,13.0
437,2025-05-16T04:41:03.337Z,22,148,121 Lyric Fork,CANCELLED,23.0
164,2025-06-08T20:05:49.290Z,445,371,8132 Boyle Circle,CANCELLED,19.0
283,2025-03-11T11:06:39.346Z,116,13,9685 School Close,DELIVERED,19.0
104,2025-02-13T22:39:43.733Z,299,209,680 Feeney Highway,DELIVERED,14.0
415,2025-05-21T17:57:40.842Z,420,43,4055 Giovani Knoll,CANCELLED,21.0
152,2025-01-13T13:06:36.028Z,343,437,1094 Brandy Glens,DELIVERED,20.0
190,2024-09-25T16:53:21.727Z,171,286,7747 W 2nd Street,CANCELLED,18.0
223,2024-11-10T04:43:01.048Z,80,70,88508 Krajcik Fords,CANCELLED,23.0
8,2025-05-03T12:29:21.405Z,374,473,680 S Oak Street,DELIVERED,12.0
234,2025-02-19T11:45:10.025Z,146,475,2083 Denesik Land,CANCELLED,22.0
300,2025-01-01T08:05:28.800Z,242,500,315 Oral Springs,CANCELLED,16.0
472,2025-01-23T15:55:24.308Z,191,206,10111 Heathcote Causeway,DELIVERED,20.0
434,2024-09-18T21:56:43.362Z,214,483,57685 Torey Valley,DELIVERED,20.0
41,2025-01-14T17:55:57.028Z,46,276,10852 Bayer Harbor,DELIVERED,23.0
73,2025-02-24T10:58:13.493Z,183,455,5302 Roman Road,CANCELLED,19.0
297,2025-01-27T14:06:50.082Z,200,128,851 Kyler Land,CANCELLED,30.0
371,2025-04-20T13:12:27.232Z,285,337,888 Wiza Estates,DELIVERED,28.0
488,2025-02-27T19:27:53.054Z,438,137,8901 Lacey Hills,DELIVERED,12.0
67,2025-01-03T06:43:38.916Z,347,167,8066 Gusikowski Plain,CANCELLED,15.0
226,2025-01-11T00:23:51.084Z,461,69,275 Williamson Hill,CANCELLED,16.0
260,2024-12-02T13:44:35.713Z,254,72,856 Luettgen Lock,DELIVERED,19.0
291,2025-03-27T02:43:50.930Z,250,133,5228 Elfrieda Cliff,CANCELLED,26.0
452,2024-09-02T11:40:32.374Z,237,91,387 Jaskolski Ford,CANCELLED,18.0
84,2025-05-28T23:48:36.266Z,154,185,59059 Jon Unions,DELIVERED,22.0
157,2024-11-24T04:49:17.886Z,47,211,220 Armstrong Valleys,DELIVERED,18.0
112,2025-05-22T18:56:06.219Z,135,419,49501 Wyman Prairie,DELIVERED,22.0
317,2024-09-16T16:49:14.443Z,269,282,68245 Thurman Mount,DELIVERED,10.0
174,2025-03-08T01:59:37.488Z,287,136,60680 Julius Plain,CANCELLED,17.0
239,2025-04-24T00:00:28.865Z,446,174,179 Washington Road,DELIVERED,20.0
252,2024-10-21T14:29:51.083Z,269,306,56263 Enrico Route,CANCELLED,14.0
195,2025-04-04T12:09:31.546Z,188,315,128 Church Road,DELIVERED,12.0
246,2024-12-11T14:46:23.989Z,225,313,4407 Hickory Street,CANCELLED,22.0
140,2024-12-30T02:26:50.266Z,99,290,8017 Jeanne Grove,CANCELLED,14.0
325,2025-05-30T07:37:58.452Z,486,52,397 Klocko Curve,CANCELLED,27.0
51,2025-04-28T14:31:25.357Z,314,414,47584 Hassie Terrace,CANCELLED,24.0
138,2024-10-11T04:35:15.676Z,268,301,4344 First Avenue,CANCELLED,14.0
215,2024-12-24T11:26:30.505Z,188,486,52450 Francisco Ramp,CANCELLED,21.0
54,2024-12-25T22:56:48.712Z,318,196,236 Ransom Hollow,CANCELLED,16.0
100,2025-06-16T23:24:55.327Z,281,334,6663 Kelsie Fall,DELIVERED,20.0
497,2024-12-17T10:34:22.869Z,160,312,985 St John's Road,CANCELLED,28.0
211,2024-12-29T20:59:04.142Z,278,353,62895 Edwina Bridge,DELIVERED,28.0
461,2025-04-11T17:22:33.283Z,90,43,655 Halie Meadow,CANCELLED,30.0
62,2024-09-01T09:18:45.909Z,88,350,8390 Josiane Trace,DELIVERED,16.0
324,2025-02-08T20:17:58.916Z,229,366,95470 W Park Street,DELIVERED,22.0
56,2024-11-26T16:37:24.743Z,439,151,8454 The Grange,CANCELLED,21.0
231,2025-04-01T14:56:36.819Z,458,460,942 Stanton Ridges,DELIVERED,19.0
168,2025-01-20T17:52:26.933Z,311,333,54730 W 9th Street,CANCELLED,22.0
202,2024-10-28T10:31:11.478Z,165,78,3316 Gretchen Trace,DELIVERED,18.0
180,2025-03-07T06:59:20.116Z,33,9,66882 Francisca Spring,CANCELLED,20.0
248,2024-11-09T04:15:56.202Z,372,291,5047 Predovic Spring,DELIVERED,20.0
144,2025-05-05T04:16:09.707Z,411,118,162 Sonya Field,DELIVERED,19.0
360,2025-05-26T15:00:36.978Z,218,209,7742 Lansdowne Road,CANCELLED,21.0
414,2024-10-18T20:31:25.635Z,499,448,953 South Avenue,DELIVERED,22.0
240,2025-06-06T07:45:26.782Z,91,94,80509 Alverta Fort,CANCELLED,17.0
382,2024-11-21T15:51:07.365Z,325,329,892 Alfred Street,CANCELLED,18.0
20,2025-02-23T17:48:19.049Z,353,156,106 8th Street,CANCELLED,17.0
134,2025-03-09T20:12:03.055Z,36,224,36835 Lincoln Road,CANCELLED,16.0
392,2025-03-14T02:21:08.508Z,185,431,576 Bahringer Corner,DELIVERED,15.0
68,2025-04-25T12:14:17.208Z,79,351,4791 Runolfsdottir Valleys,DELIVERED,20.0
310,2025-05-16T03:12:23.168Z,253,363,316 Hand Greens,CANCELLED,15.0
354,2025-05-19T01:34:52.616Z,121,324,9479 Gusikowski Springs,DELIVERED,26.0
30,2025-05-30T16:17:52.754Z,349,238,8144 Hansen Highway,DELIVERED,17.0
58,2025-01-14T11:23:35.866Z,332,218,40737 N Court Street,DELIVERED,16.0
364,2025-06-11T07:54:33.167Z,6,148,3970 Market Street,DELIVERED,17.0
436,2024-09-21T04:50:52.458Z,20,118,30861 S Jefferson Street,CANCELLED,20.0
2,2025-01-26T10:22:23.151Z,476,130,276 N Union Street,DELIVERED,15.0
65,2024-12-16T02:06:26.279Z,60,231,58187 Armstrong Crescent,DELIVERED,19.0
161,2025-05-28T03:54:52.052Z,301,74,78765 Moen Glens,CANCELLED,19.0
49,2025-04-25T18:31:11.140Z,138,55,5045 Grady Bypass,CANCELLED,18.0
109,2025-03-05T02:59:18.606Z,289,340,3707 Delbert Fords,DELIVERED,22.0
130,2025-05-07T07:41:45.412Z,427,60,48090 Wilfrid Brooks,CANCELLED,30.0
489,2024-11-09T10:52:29.253Z,372,160,259 Marianne Motorway,DELIVERED,20.0
59,2024-12-02T17:36:15.271Z,112,265,683 Mohr Villages,CANCELLED,16.0
349,2024-09-14T00:20:25.747Z,22,448,79148 Padberg Route,DELIVERED,21.0
94,2024-11-02T05:23:43.659Z,91,52,52407 Harrison Avenue,CANCELLED,13.0
496,2025-06-22T02:48:07.886Z,113,233,3244 Deondre Mission,CANCELLED,18.0
23,2025-05-04T09:56:11.696Z,200,401,92846 E Front Street,DELIVERED,17.0
295,2024-09-12T10:49:24.136Z,363,87,34032 S 1st Avenue,CANCELLED,26.0
332,2025-06-06T19:22:17.428Z,345,102,25823 Wehner Haven,DELIVERED,20.0
346,2025-02-06T12:31:26.541Z,409,437,8924 Marietta Corner,DELIVERED,17.0
17,2025-06-18T20:05:09.836Z,110,426,5739 Alfonso Parkway,CANCELLED,17.0
153,2025-01-10T23:38:40.975Z,487,496,947 Oak Drive,CANCELLED,14.0
426,2025-06-19T06:36:59.588Z,50,492,95663 6th Street,CANCELLED,11.0
155,2025-02-19T08:39:35.321Z,419,189,6533 Windler Roads,CANCELLED,15.0
327,2025-03-02T20:25:46.525Z,127,396,2731 Feeney Ports,DELIVERED,23.0
352,2024-09-21T21:34:50.041Z,139,387,2487 Farrell Hills,CANCELLED,28.0
362,2025-05-02T08:07:52.510Z,128,271,708 Cole Road,CANCELLED,22.0
319,2024-10-20T17:12:32.945Z,327,384,61094 Chestnut Drive,CANCELLED,20.0
416,2025-06-07T00:39:54.045Z,305,278,2111 Bergstrom Pike,CANCELLED,23.0
444,2024-09-07T14:16:22.693Z,368,3,36089 Andres Knolls,CANCELLED,27.0
440,2025-03-18T19:57:28.896Z,91,142,6855 Jean Manors,CANCELLED,19.0
31,2025-04-05T03:11:52.849Z,192,352,611 King Lane,DELIVERED,15.0
98,2025-05-11T23:36:23.166Z,321,206,65706 Center Avenue,CANCELLED,22.0
11,2024-12-02T05:14:53.975Z,325,317,91944 Anderson Gardens,CANCELLED,17.0
204,2025-02-13T16:49:08.114Z,319,252,8038 Marquis Keys,CANCELLED,16.0
381,2025-02-08T07:52:53.926Z,5,138,7800 Vladimir Gardens,DELIVERED,20.0
422,2024-11-20T10:47:16.090Z,419,56,5694 East Avenue,DELIVERED,26.0
126,2024-09-30T23:16:29.305Z,190,310,271 Upton Ranch,DELIVERED,19.0
281,2025-03-23T09:28:10.318Z,226,371,48808 Jeff Radial,DELIVERED,13.0
388,2024-09-19T18:44:10.886Z,369,152,2889 Donald Groves,CANCELLED,20.0
53,2025-02-04T04:17:12.446Z,245,76,456 Lois Fords,CANCELLED,16.0
400,2025-03-15T06:54:26.712Z,499,37,5817 Harvey Trail,CANCELLED,16.0
149,2024-11-11T14:26:45.567Z,98,148,586 Dane Port,DELIVERED,16.0
169,2025-04-19T15:30:23.923Z,26,93,59341 Konopelski Dam,DELIVERED,21.0
177,2025-05-16T02:26:57.994Z,421,333,42810 Wiegand Falls,CANCELLED,19.0
307,2025-03-26T11:26:30.097Z,47,465,88458 Abbey Road,DELIVERED,25.0
411,2025-03-06T11:06:25.214Z,130,431,2608 Water Street,CANCELLED,18.0
449,2024-09-28T16:10:09.359Z,198,369,93258 Marquise Point,DELIVERED,15.0
466,2025-05-22T12:50:43.464Z,183,265,71990 Vergie Place,CANCELLED,18.0
258,2024-11-21T18:59:53.729Z,163,307,7291 Dora Club,DELIVERED,20.0
278,2025-03-03T21:09:34.044Z,84,194,6502 Erika Mews,DELIVERED,16.0
301,2024-09-26T23:09:19.888Z,116,275,860 Georgianna Streets,CANCELLED,21.0
347,2025-03-07T21:00:01.188Z,39,150,858 Bergnaum Hollow,CANCELLED,21.0
446,2025-02-10T11:59:43.836Z,82,483,26587 Hammes Ramp,CANCELLED,18.0
5,2025-01-24T11:59:33.057Z,58,298,62158 Kiehn Tunnel,DELIVERED,23.0
209,2024-09-03T21:09:24.256Z,455,394,61476 Kiehn Expressway,CANCELLED,25.0
251,2025-02-14T04:32:47.725Z,182,374,188 Weissnat Crest,DELIVERED,26.0
294,2025-01-18T18:27:46.455Z,355,119,151 Jaskolski Views,DELIVERED,14.0
465,2024-12-11T19:14:17.457Z,106,448,62724 Ray Coves,DELIVERED,22.0
485,2025-06-09T16:32:32.150Z,276,300,11360 Marlborough Road,CANCELLED,28.0
21,2025-01-30T07:54:22.918Z,468,171,174 Lubowitz Pine,DELIVERED,18.0
268,2025-05-01T19:38:55.166Z,197,270,950 Hayden Junction,CANCELLED,16.0
459,2024-11-29T00:11:16.964Z,199,108,3173 Juliet Greens,CANCELLED,24.0
463,2025-05-12T17:16:06.171Z,64,273,7823 Grant Corners,DELIVERED,29.0
499,2025-05-28T06:40:45.265Z,205,291,626 Lesch Branch,DELIVERED,23.0
182,2025-05-18T05:22:40.321Z,152,309,208 Cumberland Street,CANCELLED,25.0
90,2025-02-21T18:24:27.063Z,59,125,7485 Kassulke Flat,DELIVERED,23.0
275,2025-05-12T10:57:49.285Z,418,339,590 Rey Spurs,CANCELLED,23.0
373,2025-03-18T06:25:47.059Z,83,94,318 Robel Drive,DELIVERED,24.0
498,2025-05-06T12:27:18.208Z,145,315,698 Raul Points,DELIVERED,15.0
16,2025-05-25T12:45:56.693Z,468,109,164 Keagan Field,CANCELLED,13.0
115,2025-02-27T14:09:36.336Z,282,458,637 Windmill Close,DELIVERED,20.0
120,2025-01-16T01:20:45.589Z,494,420,476 Chapel Street,DELIVERED,14.0
262,2025-06-22T13:39:56.902Z,466,221,682 East Avenue,CANCELLED,20.0
379,2024-10-26T11:56:55.870Z,316,274,829 Von Burg,CANCELLED,21.0
148,2025-03-18T11:43:21.127Z,490,482,5202 Jason Corners,CANCELLED,13.0
384,2024-10-15T08:47:10.218Z,352,483,98901 East Avenue,CANCELLED,24.0
224,2024-09-02T04:08:51.084Z,456,301,46885 Reichert Cliff,CANCELLED,15.0
270,2024-12-02T12:02:46.627Z,410,373,89533 Desiree Knoll,DELIVERED,15.0
380,2024-12-11T16:13:22.860Z,240,104,6663 Wellington Street,DELIVERED,25.0
57,2024-11-29T03:37:13.784Z,4,180,20951 Rachelle Lake,DELIVERED,29.0
340,2025-05-24T14:52:00.679Z,230,101,119 W Central Avenue,CANCELLED,13.0
462,2024-11-13T13:38:54.620Z,273,219,8291 Smith Street,CANCELLED,23.0
40,2024-11-16T17:04:58.810Z,471,383,779 Lucile Junctions,DELIVERED,25.0
107,2025-05-13T12:42:04.519Z,476,41,904 Samanta Course,DELIVERED,18.0
46,2024-11-19T15:41:38.952Z,1,360,53078 Dickens Forks,DELIVERED,17.0
78,2024-09-24T12:54:34.181Z,137,229,1283 Commerce Street,CANCELLED,22.0
118,2024-10-13T19:15:44.807Z,422,412,9101 Gulgowski Mall,DELIVERED,26.0
172,2025-04-11T20:03:53.003Z,141,250,40126 Schiller Ville,CANCELLED,20.0
402,2024-12-25T17:12:00.043Z,364,101,29008 E Jefferson Street,DELIVERED,18.0
222,2024-10-20T11:39:01.573Z,231,176,342 Gabrielle Points,CANCELLED,19.0
159,2024-10-27T01:57:02.440Z,53,292,5271 Cruickshank Cape,DELIVERED,13.0
350,2024-09-18T02:28:02.391Z,51,415,4836 Kautzer Freeway,DELIVERED,21.0
312,2024-09-04T12:23:50.702Z,162,249,71351 Clint Fort,DELIVERED,15.0
339,2025-03-29T15:00:31.932Z,305,210,716 O'Keefe Manors,DELIVERED,15.0
454,2024-12-24T08:21:10.128Z,259,128,71455 Marks Drive,CANCELLED,27.0
86,2025-02-19T06:21:31.923Z,157,73,2635 Haag Loop,DELIVERED,15.0
238,2024-09-04T06:52:44.734Z,52,448,1015 Laurel Close,DELIVERED,12.0
309,2025-01-03T19:17:27.899Z,115,229,436 State Line Road,DELIVERED,20.0
330,2025-05-09T11:47:16.125Z,247,345,619 Bradly Mall,CANCELLED,16.0
477,2024-10-22T05:21:03.495Z,204,299,43516 Wiegand Highway,DELIVERED,19.0
457,2025-05-13T09:17:05.656Z,230,36,780 Hillside Road,DELIVERED,11.0
13,2025-03-25T05:25:13.835Z,405,372,9384 Bonnie Ranch,DELIVERED,11.0
27,2025-06-01T10:52:00.356Z,316,418,201 Lennie Mews,DELIVERED,15.0
183,2025-06-12T18:49:22.534Z,445,477,72618 Oak Drive,DELIVERED,14.0
88,2025-02-15T09:51:30.433Z,86,460,2854 Nicolas Haven,CANCELLED,17.0
124,2025-02-21T14:54:02.472Z,85,41,6720 Ryan Parkways,DELIVERED,17.0
171,2025-01-05T17:02:16.857Z,317,149,88718 Dickens Orchard,DELIVERED,20.0
361,2024-09-08T13:35:46.343Z,265,438,782 Gusikowski Meadow,CANCELLED,18.0
365,2024-12-30T21:09:48.748Z,388,2,413 Josianne Trail,CANCELLED,27.0
186,2024-10-31T06:09:13.494Z,411,425,5480 Hester Lane,CANCELLED,25.0
247,2025-04-16T14:24:14.057Z,206,203,4585 The Copse,DELIVERED,20.0
280,2025-02-05T04:56:25.973Z,411,322,3454 Audreanne Fords,DELIVERED,25.0
403,2024-11-12T02:29:49.803Z,397,113,8037 Laurel Close,DELIVERED,21.0
494,2025-03-14T23:23:43.742Z,384,459,695 N 6th Street,DELIVERED,28.0
44,2025-03-04T19:08:45.377Z,78,135,4304 Brookside,DELIVERED,23.0
154,2025-01-20T16:36:28.764Z,434,27,8766 Darius Club,DELIVERED,22.0
284,2025-06-17T21:52:33.940Z,349,199,42997 Herman Forge,DELIVERED,20.0
445,2025-04-14T02:01:58.278Z,19,255,426 Weissnat Terrace,CANCELLED,24.0
453,2025-06-10T01:23:40.650Z,284,437,4118 Stuart Brooks,DELIVERED,12.0
76,2024-10-28T01:05:49.386Z,447,146,8022 Vicarage Road,CANCELLED,20.0
241,2024-10-07T07:37:28.922Z,245,354,1927 Runolfsson Expressway,DELIVERED,26.0
342,2025-02-16T15:07:21.857Z,123,386,6958 Leffler Overpass,CANCELLED,28.0
470,2025-04-04T11:04:14.598Z,245,17,68288 Ziemann Flats,DELIVERED,21.0
72,2025-03-08T11:38:38.396Z,360,363,315 Efren Corner,DELIVERED,30.0
160,2025-04-16T08:24:51.780Z,163,122,4681 Woodlands Avenue,DELIVERED,23.0
166,2024-10-18T05:51:09.529Z,396,413,3074 Smitham Inlet,CANCELLED,18.0
197,2025-04-18T08:29:43.954Z,351,70,81469 Mitchell Squares,DELIVERED,12.0
207,2025-04-18T08:41:57.294Z,217,300,763 Ellis Viaduct,CANCELLED,22.0
111,2024-11-18T15:10:16.518Z,313,343,44601 Fisher Plaza,DELIVERED,16.0
117,2024-09-27T00:35:54.067Z,156,435,208 10th Street,DELIVERED,16.0
150,2025-05-22T22:05:49.166Z,17,381,778 Union Avenue,CANCELLED,29.0
233,2025-03-06T00:28:14.936Z,427,366,1244 Braun Streets,DELIVERED,18.0
316,2024-08-29T03:53:03.063Z,377,260,55251 Park Drive,DELIVERED,25.0
298,2025-05-28T07:25:03.084Z,215,319,645 Koch Parkway,DELIVERED,20.0
61,2025-06-08T22:03:03.333Z,465,24,522 Gianni Pass,CANCELLED,17.0
131,2025-04-16T08:30:41.148Z,300,232,364 Canal Street,DELIVERED,16.0
170,2025-03-27T06:27:35.825Z,249,163,33717 Lou Circles,CANCELLED,23.0
460,2024-12-13T22:37:04.441Z,278,41,76956 Herzog Via,CANCELLED,21.0
410,2024-09-25T20:45:42.595Z,128,86,1731 Alfred Walk,DELIVERED,23.0
18,2024-11-17T21:05:45.378Z,189,110,19927 Murphy Extension,CANCELLED,16.0
6,2024-11-16T08:49:23.861Z,101,149,9446 Lowe Orchard,DELIVERED,22.0
26,2024-10-25T11:52:29.554Z,497,383,373 Marianna Wells,DELIVERED,30.0
14,2024-09-25T02:40:26.051Z,455,314,23143 Blind Lane,CANCELLED,13.0
69,2025-04-28T03:46:12.848Z,156,346,2843 Lime Grove,DELIVERED,27.0
188,2025-01-28T16:12:47.368Z,276,262,33609 Manchester Road,CANCELLED,29.0
329,2025-01-18T00:11:34.961Z,192,191,2175 N Monroe Street,DELIVERED,19.0
357,2024-09-16T18:14:40.166Z,139,70,40293 Mara Drive,DELIVERED,18.0
390,2024-10-12T16:08:17.647Z,209,284,664 Aaron Trail,CANCELLED,15.0
432,2024-11-17T21:53:52.961Z,329,150,413 Blanda Parks,CANCELLED,24.0
448,2025-02-05T16:32:49.182Z,310,158,78121 Vicarage Road,CANCELLED,22.0
22,2025-03-06T21:31:20.614Z,169,372,57336 Vilma Heights,CANCELLED,16.0
163,2025-02-11T18:44:05.667Z,370,215,7716 Kreiger Mill,DELIVERED,20.0
290,2025-06-10T00:57:02.914Z,156,248,282 Jaylan Glens,CANCELLED,17.0
89,2024-09-02T17:17:50.715Z,26,19,4688 W Lake Street,DELIVERED,20.0
244,2024-11-11T00:24:18.410Z,496,494,47924 Grove Street,DELIVERED,17.0
71,2025-04-24T00:33:17.568Z,450,317,3321 Botsford Mount,CANCELLED,14.0
142,2024-12-24T13:16:19.074Z,486,234,17919 W Center Street,CANCELLED,10.0
304,2024-10-09T15:03:20.232Z,321,263,2592 Schinner Street,CANCELLED,25.0
419,2025-05-08T15:40:12.340Z,66,179,473 Miles Pines,DELIVERED,20.0
430,2025-04-11T16:26:59.173Z,44,5,5108 Eduardo Cliff,CANCELLED,16.0
193,2025-01-24T21:27:40.909Z,45,50,2474 Johns Loop,CANCELLED,27.0
216,2024-10-31T00:52:38.116Z,473,304,77467 Cliff Road,DELIVERED,14.0
328,2025-02-26T21:18:57.602Z,148,122,3692 Trinity Road,CANCELLED,20.0
369,2025-01-29T11:28:39.665Z,383,246,8532 Tatum Landing,CANCELLED,16.0
389,2025-06-20T15:07:18.921Z,261,376,708 Schmeler Estate,DELIVERED,16.0
469,2024-12-07T17:46:17.480Z,345,350,6446 Larkin Flats,CANCELLED,13.0
189,2025-03-22T03:50:53.937Z,240,215,5116 Bernier Forge,CANCELLED,22.0
308,2025-05-09T19:56:51.764Z,221,447,67233 Paucek Lake,CANCELLED,18.0
344,2024-08-30T22:42:46.532Z,77,82,5642 Era Ports,CANCELLED,22.0
420,2025-03-31T18:17:33.425Z,318,373,52409 Weimann Throughway,DELIVERED,11.0
254,2024-10-21T10:12:20.820Z,215,140,800 Bosco Road,DELIVERED,13.0
374,2025-03-15T14:39:12.337Z,297,103,8378 Elm Grove,DELIVERED,19.0
212,2024-11-15T06:01:31.251Z,418,399,296 N Railroad Street,CANCELLED,16.0
296,2025-01-17T15:43:25.298Z,308,414,20770 Hills Flat,DELIVERED,17.0
33,2024-09-13T16:55:35.317Z,397,39,596 Stoltenberg Fort,DELIVERED,26.0
60,2025-01-24T22:12:27.088Z,385,390,81363 Muller Pike,CANCELLED,21.0
135,2025-06-13T18:33:50.465Z,93,181,64321 Karl Ville,CANCELLED,22.0
293,2025-03-06T15:34:17.065Z,42,257,81328 Murray Terrace,DELIVERED,13.0
299,2024-10-12T14:11:09.514Z,1,323,3610 Ephraim Club,DELIVERED,19.0
348,2024-09-24T16:37:49.955Z,438,77,6621 Lang Ford,DELIVERED,20.0
473,2024-09-24T21:37:11.724Z,274,328,672 Lilly Alley,CANCELLED,24.0
475,2025-03-09T18:51:32.522Z,158,86,88449 Auer Lake,DELIVERED,15.0
206,2024-11-12T13:10:09.799Z,300,21,5220 Main,DELIVERED,29.0
451,2025-06-08T15:27:56.423Z,38,118,79575 Davis Street,CANCELLED,19.0
77,2025-01-11T23:37:22.308Z,133,500,863 Huels Spur,CANCELLED,22.0
184,2025-05-22T17:06:49.375Z,50,287,76324 1st Avenue,DELIVERED,25.0
353,2024-12-08T10:41:33.316Z,382,495,5712 Hills Greens,DELIVERED,20.0
447,2025-03-24T05:16:34.319Z,41,106,39550 Kshlerin Bridge,DELIVERED,28.0
75,2024-10-18T16:07:43.074Z,276,322,17395 Schimmel Prairie,DELIVERED,25.0
242,2025-04-01T03:46:32.960Z,383,404,65829 S 14th Street,CANCELLED,22.0
261,2024-12-19T06:21:23.292Z,448,459,530 Libby Drive,CANCELLED,19.0
345,2024-10-08T09:14:16.076Z,431,456,9236 Bridge Street,DELIVERED,17.0
37,2025-03-05T06:20:01.353Z,326,291,1157 Hubert Terrace,CANCELLED,11.0
256,2025-03-05T17:56:42.211Z,350,62,8687 E Cedar Street,CANCELLED,19.0
313,2024-12-14T15:03:31.318Z,169,329,10921 Station Street,DELIVERED,12.0
418,2024-11-16T04:41:12.054Z,118,349,2809 Matt Crossroad,DELIVERED,13.0
52,2024-09-23T14:53:40.336Z,464,380,45141 Castle Road,CANCELLED,29.0
435,2024-12-28T18:37:05.050Z,410,44,29075 Kale Course,CANCELLED,24.0
484,2024-10-17T15:40:14.241Z,80,194,5968 Pacocha Turnpike,CANCELLED,16.0
368,2025-04-11T07:18:56.220Z,126,305,6772 Corkery Cove,CANCELLED,18.0
399,2024-11-03T12:34:26.205Z,131,491,5754 Princess Trail,CANCELLED,25.0
42,2025-01-24T23:35:13.542Z,385,184,34015 Margarette Viaduct,CANCELLED,19.0
200,2024-08-27T10:10:35.375Z,290,149,1971 Khalid Landing,DELIVERED,16.0
219,2025-01-24T10:20:01.123Z,189,344,817 Price Creek,DELIVERED,26.0
343,2025-03-04T07:31:32.372Z,16,472,1749 Adrien Heights,CANCELLED,27.0
428,2024-09-05T16:12:51.747Z,222,209,16036 Lee Street,DELIVERED,15.0
19,2025-02-10T01:19:25.263Z,66,373,5315 6th Avenue,CANCELLED,22.0
355,2024-09-06T14:30:50.089Z,348,108,71281 Cartwright Shoal,CANCELLED,12.0
103,2025-01-02T16:45:36.957Z,57,117,935 Bryce Junctions,DELIVERED,22.0
214,2024-10-31T03:16:18.405Z,43,422,6182 Long Lane,CANCELLED,29.0
323,2025-02-07T02:47:57.006Z,200,250,16303 Jeffery Cape,CANCELLED,17.0
385,2024-12-10T21:26:03.532Z,185,237,586 2nd Avenue,CANCELLED,19.0
406,2025-02-14T17:39:38.198Z,211,470,7110 Gabe Isle,CANCELLED,22.0
114,2025-01-18T01:13:31.576Z,341,435,38409 Lincoln Avenue,CANCELLED,20.0
97,2025-05-18T23:53:45.428Z,258,107,1512 Vena Place,DELIVERED,23.0
156,2025-06-04T16:45:10.405Z,421,368,675 Trace Plaza,CANCELLED,22.0
395,2024-09-08T04:54:02.791Z,336,138,25315 Dietrich Cove,DELIVERED,22.0
424,2025-05-05T02:21:22.526Z,473,382,5506 Boundary Road,CANCELLED,23.0
35,2024-10-07T09:32:33.576Z,228,13,6390 Broad Lane,CANCELLED,17.0
269,2025-06-12T08:06:23.964Z,159,220,2087 Katelyn Wall,DELIVERED,20.0
363,2025-04-11T23:31:16.499Z,369,126,851 Jettie Key,CANCELLED,21.0
383,2025-03-06T15:34:29.850Z,168,178,7428 Lester Unions,DELIVERED,23.0
253,2024-12-14T15:43:11.451Z,333,416,6655 Ulises Flat,CANCELLED,29.0
314,2025-02-03T17:07:46.258Z,483,8,13745 S Mill Street,DELIVERED,15.0
487,2025-06-01T11:40:26.985Z,80,175,180 S 9th Street,CANCELLED,15.0
3,2025-02-23T17:18:49.134Z,46,147,993 Cross Street,DELIVERED,16.0
81,2025-03-29T07:39:47.782Z,125,435,169 Albert Wall,DELIVERED,26.0
288,2024-10-20T11:05:20.435Z,39,227,601 S Jefferson Street,DELIVERED,23.0
322,2025-02-09T11:26:47.217Z,143,350,70952 Jessyca Parks,CANCELLED,21.0
431,2025-03-24T08:52:10.459Z,105,260,9936 Kings Highway,DELIVERED,20.0
471,2024-12-23T13:51:34.872Z,289,78,39195 Main Street E,CANCELLED,28.0
218,2024-09-12T11:00:52.730Z,445,401,46435 Swift Curve,CANCELLED,26.0
376,2024-09-15T20:14:34.925Z,193,187,9275 O'Reilly Manor,CANCELLED,21.0
467,2024-12-31T08:32:35.746Z,333,116,359 Jazlyn Spur,DELIVERED,19.0
1,2025-04-21T06:50:12.825Z,448,294,749 Keira Ferry,DELIVERED,17.0
38,2025-03-21T04:58:29.179Z,205,26,22550 Marge Island,CANCELLED,13.0
63,2024-09-25T17:09:56.588Z,285,232,7123 Padberg Mill,CANCELLED,15.0
167,2024-12-26T07:16:44.444Z,127,266,366 Church Close,CANCELLED,29.0
341,2025-06-11T02:24:33.132Z,339,8,78274 First Street,CANCELLED,16.0
125,2024-11-10T17:16:11.213Z,433,77,994 Federico Valley,DELIVERED,22.0
375,2025-02-13T15:45:44.347Z,139,275,68120 E River Road,CANCELLED,16.0
99,2025-04-01T20:11:33.215Z,243,103,1351 State Line Road,DELIVERED,21.0
151,2024-11-23T05:49:07.863Z,384,362,498 S Washington Street,DELIVERED,20.0
404,2025-05-02T00:15:14.962Z,128,3,59505 Alvah Knolls,CANCELLED,21.0
10,2025-02-14T20:33:37.458Z,35,316,710 Price Ridges,DELIVERED,21.0
29,2025-01-14T00:32:42.496Z,491,145,3252 Stephania Circles,CANCELLED,21.0
83,2025-03-10T12:36:37.617Z,331,231,30437 O'Keefe Crossing,CANCELLED,28.0
305,2025-02-19T18:10:32.026Z,103,463,8042 Harber Coves,DELIVERED,24.0
48,2024-09-02T06:45:40.307Z,252,343,380 The Fairway,DELIVERED,17.0
321,2024-12-19T06:26:26.700Z,194,469,5060 Lenora Falls,CANCELLED,21.0
433,2025-03-02T06:39:35.790Z,433,24,71072 Gutmann Island,CANCELLED,24.0
337,2024-12-17T21:13:41.451Z,293,379,8995 Nader Spring,CANCELLED,19.0
387,2025-02-23T06:47:13.036Z,232,431,36125 Koch Creek,DELIVERED,16.0
409,2025-06-18T07:47:07.781Z,328,344,346 Hall Lane,CANCELLED,18.0
110,2024-11-02T10:45:53.656Z,255,247,474 Kent Road,CANCELLED,15.0
196,2025-05-27T00:27:37.216Z,11,13,73775 Weissnat Expressway,DELIVERED,22.0
282,2025-03-04T18:04:05.116Z,209,357,5357 Waelchi Keys,DELIVERED,19.0
158,2024-11-20T14:00:38.233Z,227,116,139 S Walnut Street,CANCELLED,17.0
263,2024-10-17T22:43:53.771Z,484,241,97494 Clifton Road,DELIVERED,24.0
366,2025-06-21T02:52:59.216Z,398,49,573 Cheyanne Way,DELIVERED,14.0
358,2024-11-21T08:28:37.408Z,312,408,487 Bartoletti Neck,CANCELLED,20.0
208,2025-03-10T22:13:46.080Z,354,200,3994 Narciso Track,CANCELLED,27.0
482,2025-04-29T16:47:15.477Z,233,252,595 Jalon Ville,DELIVERED,29.0
359,2025-02-01T22:51:08.710Z,30,499,473 Farrell Street,DELIVERED,24.0
478,2025-06-17T09:25:33.414Z,79,312,94095 Bailey Fords,CANCELLED,24.0
36,2024-09-07T05:20:13.412Z,241,180,244 Wilburn Streets,DELIVERED,21.0
179,2025-03-11T20:44:18.823Z,462,3,159 Nasir Divide,DELIVERED,21.0
397,2025-06-10T10:20:15.844Z,43,364,12496 Kaelyn Burg,DELIVERED,15.0
455,2024-10-08T23:08:20.400Z,435,373,597 West Forest,DELIVERED,12.0
9,2024-12-14T05:04:35.838Z,487,341,27264 Ruthe Trace,DELIVERED,10.0
139,2025-04-09T16:28:56.620Z,215,287,82242 Mazie Bypass,CANCELLED,21.0
481,2025-03-27T02:21:51.392Z,258,151,9999 Oaklands,DELIVERED,17.0
15,2024-11-28T09:09:18.133Z,411,459,79544 Alfreda Spurs,DELIVERED,25.0
95,2025-03-15T08:20:59.839Z,39,177,665 Monahan Forest,DELIVERED,25.0
145,2025-01-31T14:32:52.935Z,456,321,4051 N East Street,CANCELLED,19.0
185,2025-02-19T07:53:15.498Z,473,85,264 Rogahn Fields,CANCELLED,20.0
408,2024-10-01T18:18:59.817Z,457,115,186 Beechwood Avenue,DELIVERED,21.0
468,2024-11-30T09:07:21.215Z,256,224,92436 Mercedes Lakes,DELIVERED,14.0
39,2025-03-11T20:07:49.460Z,251,152,475 Kuhic Dale,DELIVERED,16.0
70,2025-01-21T14:13:26.962Z,86,133,560 Oak Drive,CANCELLED,24.0
456,2025-01-11T20:39:47.287Z,45,338,9386 Aida Gateway,DELIVERED,19.0
225,2024-11-30T23:47:24.955Z,416,272,4451 Simonis Expressway,DELIVERED,26.0
417,2024-12-05T01:37:18.600Z,340,5,69411 Reynolds Shoal,DELIVERED,13.0
442,2025-03-04T23:40:37.863Z,328,109,723 Bednar Courts,DELIVERED,20.0
92,2025-03-31T05:04:53.494Z,430,413,451 Will Rapids,CANCELLED,17.0
326,2024-10-29T17:55:55.251Z,307,207,920 Pearlie Prairie,CANCELLED,16.0
334,2025-01-01T06:54:21.309Z,277,203,3447 Howell Light,CANCELLED,20.0
439,2025-04-28T10:58:27.461Z,407,129,272 Rodrick Pass,DELIVERED,24.0
464,2024-12-18T17:51:39.578Z,311,488,620 Bayer Fords,CANCELLED,30.0
372,2024-09-08T03:59:36.495Z,467,111,883 Susan Run,CANCELLED,17.0
25,2025-06-13T07:27:36.597Z,462,428,807 Elliot View,DELIVERED,17.0
106,2024-11-13T15:58:05.910Z,350,92,2190 Chapel Street,DELIVERED,19.0
108,2024-11-18T11:12:19.198Z,454,258,9283 Icie Meadow,DELIVERED,26.0
113,2025-05-31T09:29:02.609Z,453,6,37438 Hawthorn Close,CANCELLED,17.0
356,2024-09-26T18:32:18.461Z,159,171,68864 Jovanny Walks,DELIVERED,14.0
378,2025-04-23T15:39:19.639Z,7,271,8159 Park Crescent,CANCELLED,22.0
443,2025-02-25T03:31:43.100Z,115,76,36384 Liberty Street,DELIVERED,20.0
486,2025-03-19T15:26:11.737Z,362,250,666 Buckridge Extensions,CANCELLED,14.0
500,2025-02-18T04:38:08.727Z,424,188,7133 Maximus Manors,DELIVERED,19.0
105,2024-10-08T16:00:37.656Z,262,21,8637 Goldner Light,CANCELLED,30.0
289,2025-06-05T15:11:39.352Z,213,148,26117 Alanna Throughway,DELIVERED,21.0
4,2024-12-19T06:14:13.784Z,342,210,4530 Vicarage Lane,DELIVERED,18.0
162,2025-06-19T15:54:44.570Z,417,353,532 S 10th Street,CANCELLED,16.0
250,2025-03-27T21:03:50.499Z,432,27,4442 Hauck Forges,DELIVERED,21.0
441,2025-04-18T16:49:49.750Z,278,62,753 Kiel Curve,CANCELLED,25.0
101,2025-02-05T13:53:07.086Z,208,389,35686 Ruthe Court,CANCELLED,19.0
116,2025-02-04T06:39:04.682Z,223,428,4321 Bode Centers,CANCELLED,22.0
123,2025-02-12T21:49:54.456Z,460,43,897 Monahan Radial,CANCELLED,18.0
133,2024-09-14T02:54:26.382Z,338,182,416 Jose Oval,CANCELLED,22.0
82,2025-04-09T12:25:22.341Z,189,223,46159 Darius Station,DELIVERED,15.0
136,2025-01-28T21:42:02.741Z,172,171,4867 Cassin Orchard,CANCELLED,19.0
79,2024-10-28T06:48:06.666Z,440,191,276 Adrianna Springs,DELIVERED,18.0
427,2024-10-20T01:34:03.574Z,201,220,298 Huel Street,DELIVERED,19.0
213,2024-12-03T00:21:08.351Z,368,61,799 Hickory Street,DELIVERED,23.0
237,2025-02-26T05:49:26.175Z,77,478,60504 Lyric Fields,DELIVERED,15.0
286,2024-09-05T11:09:55.472Z,469,326,4796 Lexus Neck,DELIVERED,22.0
221,2025-05-18T21:04:25.306Z,455,480,74294 Baumbach Flat,CANCELLED,18.0
235,2025-02-05T17:16:18.691Z,2,365,117 Will Corner,CANCELLED,25.0
267,2024-11-27T03:01:00.435Z,133,242,75162 Santino Harbors,CANCELLED,17.0
277,2024-11-27T01:31:06.423Z,179,323,7061 Chelsea Roads,CANCELLED,18.0
331,2024-11-27T18:54:23.088Z,175,204,19311 S Center Street,CANCELLED,22.0
85,2024-12-30T10:23:21.143Z,249,69,928 Labadie Stream,DELIVERED,19.0
421,2025-04-02T20:01:20.828Z,184,58,801 The Avenue,DELIVERED,15.0
128,2024-11-29T16:50:46.973Z,408,99,23378 Rahsaan Neck,DELIVERED,20.0
377,2025-02-25T03:01:54.017Z,401,72,530 Patsy Squares,CANCELLED,16.0
201,2025-03-24T08:44:55.390Z,2,106,74174 Marcelo Mills,CANCELLED,13.0
236,2024-11-15T07:25:30.424Z,472,300,176 Callie Summit,DELIVERED,16.0
255,2025-01-08T19:43:39.960Z,94,280,8461 Langworth Brooks,DELIVERED,21.0
306,2025-04-21T00:09:41.266Z,96,367,574 Micah Causeway,CANCELLED,18.0
351,2024-11-20T17:51:19.027Z,484,392,579 Sipes Valleys,DELIVERED,27.0
370,2024-10-09T11:29:45.063Z,331,430,3666 Cummerata Gardens,DELIVERED,14.0
490,2025-02-02T02:20:41.781Z,126,236,304 N Main Street,DELIVERED,20.0
492,2024-09-29T18:12:55.441Z,132,76,309 Windmill Close,CANCELLED,19.0
50,2025-04-18T23:19:40.087Z,431,378,748 Chelsea Walk,CANCELLED,26.0
66,2025-03-08T20:58:51.956Z,274,361,174 Kianna Common,CANCELLED,23.0
483,2025-02-17T13:47:20.874Z,243,241,96520 Hirthe Islands,DELIVERED,20.0
121,2025-06-13T01:07:39.040Z,158,81,86422 Oaklands,DELIVERED,23.0
191,2024-11-04T07:35:05.564Z,325,403,375 Schaefer Mill,CANCELLED,12.0
220,2024-11-06T02:11:42.930Z,276,104,7593 Cummerata Forges,DELIVERED,17.0
265,2025-04-28T13:17:11.068Z,133,156,31386 Fairfield Road,DELIVERED,19.0
438,2025-01-12T15:49:41.301Z,365,54,566 Quinton Causeway,DELIVERED,16.0
91,2024-12-31T13:26:15.800Z,259,148,6788 Jackson Avenue,DELIVERED,24.0
228,2024-09-24T16:11:25.698Z,395,132,407 Highfield Road,DELIVERED,13.0
302,2024-09-04T11:44:05.533Z,167,185,61667 Leuschke Club,CANCELLED,20.0
425,2025-06-17T04:06:39.165Z,146,331,1197 Kassulke Prairie,DELIVERED,14.0
141,2024-11-09T10:25:29.799Z,404,41,756 Schmidt Lane,CANCELLED,14.0
173,2025-04-06T15:11:37.708Z,78,455,87348 Schuyler Streets,CANCELLED,17.0
249,2025-02-17T00:33:18.341Z,436,65,38189 Second Avenue,DELIVERED,22.0
393,2024-11-04T14:42:48.990Z,370,497,252 Quitzon Trail,DELIVERED,17.0
279,2025-02-15T07:19:25.529Z,25,167,221 Wuckert Mountains,CANCELLED,27.0
